[{"CASE": "{write from report}", "ALTERNATIEFLOW": "{h}{nicks steps}[1,2,3,4,5]", "PRECONDITION": "{userinput}{stoy: with goal}", "IMG": "https://s3.modsquad.com/wp-content/uploads/2015/04/keep-calm-and-use-the-escalation-matrix.png", "DOCS": "https://docs.extrahop.com/current/'>https://docs.extrahop.com/current/", "JIRA": "{write from report}", "SOLUTION": "{solution} Email: web-ticket@extrahop.com", "ACTOR": "Support Engineer", "NORMALFLOW": "{h}{nicks steps}[1,2,3,4,5]", "TOPIC": "First WorkflowSTEP", "DEVICE": "B", "TRIGGER": "{Research}{action: that caused the usecase}", "VERSION": "C", "POSTCONDITION": "{uinput}{Expected keyword to lead to DOC}", "ISSUE": "''", "ID": 1, "SUBJECT": "Demo_Test"}, {"CASE": "{write from report}", "ALTERNATIEFLOW": "{h}{nicks steps}[1,2,3,4,5]", "PRECONDITION": "{userinput}{stoy: with goal}", "IMG": "http://via.placeholder.com/300", "DOCS": "<a href='https://docs.extrahop.com/current/'>https://docs.extrahop.com/current/</a>", "JIRA": "{write from report}", "SOLUTION": "{solution} Email: salesops-team@extrahop.com", "ACTOR": "Support Engineer", "NORMALFLOW": "{h}{nicks steps}[1,2,3,4,5]", "TOPIC": "A", "DEVICE": "B", "TRIGGER": "{Research}{action: that caused the usecase}", "VERSION": "C", "POSTCONDITION": "{uinput}{Expected keyword to lead to DOC}", "ISSUE": "''", "ID": "2", "SUBJECT": "Escalation"}, {"CASE": "{write from report}", "ALTERNATIEFLOW": "{h}{nicks steps}[1,2,3,4,5]", "PRECONDITION": "{userinput}{stoy: with goal}", "IMG": "http://via.placeholder.com/300", "DOCS": "<a href='https://docs.extrahop.com/current/'>https://docs.extrahop.com/current/</a>", "JIRA": "{write from report}", "SOLUTION": "{solution} Email: glue-team@extrahop.com", "ACTOR": "Support Engineer", "NORMALFLOW": "{h}{nicks steps}[1,2,3,4,5]", "TOPIC": "id_Test2", "DEVICE": "B", "TRIGGER": "{Research}{action: that caused the usecase}", "VERSION": "C", "POSTCONDITION": "{uinput}{Expected keyword to lead to DOC}", "ISSUE": "''", "ID": 3, "SUBJECT": "id_test2"}, {"CASE": "{write from report}", "ALTERNATIEFLOW": "{h}{nicks steps}[1,2,3,4,5]", "PRECONDITION": "{userinput}{stoy: with goal}", "IMG": "http://via.placeholder.com/300", "DOCS": "<a href='https://docs.extrahop.com/current/'>https://docs.extrahop.com/current/</a>", "JIRA": "{write from report}", "SOLUTION": "{solution} Email: web-properties-team@extrahop.com", "ACTOR": "Support Engineer", "NORMALFLOW": "{h}{nicks steps}[1,2,3,4,5]", "TOPIC": "A", "DEVICE": "B", "TRIGGER": "{Research}{action: that caused the usecase}", "VERSION": "C", "POSTCONDITION": "{uinput}{Expected keyword to lead to DOC}", "ISSUE": "''", "ID": "4", "SUBJECT": "Escalation"}, {"CASE": "{write from report}", "ALTERNATIEFLOW": "{h}{nicks steps}[1,2,3,4,5]", "PRECONDITION": "{userinput}{stoy: with goal}", "IMG": "http://via.placeholder.com/300", "DOCS": "<a href='https://docs.extrahop.com/current/'>https://docs.extrahop.com/current/</a>", "JIRA": "{write from report}", "SOLUTION": "{solution} Email: operations@extrahop.com", "ACTOR": "Support Engineer", "NORMALFLOW": "{h}{nicks steps}[1,2,3,4,5]", "TOPIC": "A", "DEVICE": "B", "TRIGGER": "{Research}{action: that caused the usecase}", "VERSION": "C", "POSTCONDITION": "{uinput}{Expected keyword to lead to DOC}", "ISSUE": "''", "ID": "5", "SUBJECT": "Escalation"}, {"CASE": "{write from report}", "ALTERNATIEFLOW": "{h}{nicks steps}[1,2,3,4,5]", "VERSION": "C", "IMG": "http://via.placeholder.com/300", "DOCS": "<a href='https://docs.extrahop.com/current/'>https://docs.extrahop.com/current/</a>", "JIRA": "{write from report}", "SOLUTION": "{solution} Email: operations@extrahop.com", "ACTOR": "Support Engineer", "NORMALFLOW": "A case can be created in one of three ways by internal or external customers. Once a Case is created, it then must be assigned, triaged, and responded to by a Support Engineer. Service Level Agreements (SLAs) are published under the Case Activity Milestones.", "TOPIC": "A", "DEVICE": "B", "TRIGGER": "{Research}{action: that caused the usecase}", "POSTCONDITION": "{uinput}{Expected keyword to lead to DOC}", "ISSUE": "''", "ID": "6", "SUBJECT": "New Case Procedure"}, {"CASE": "{write from report}", "ALTERNATIEFLOW": "{h}{nicks steps}[1,2,3,4,5]", "PRECONDITION": "{userinput}{stoy: with goal}", "IMG": "http://via.placeholder.com/300", "DOCS": "<a href='https://docs.extrahop.com/current/'>https://docs.extrahop.com/current/</a>", "JIRA": "{write from report}", "SOLUTION": "{solution} Email: operations@extrahop.com", "ACTOR": "Support Engineer", "NORMALFLOW": "A case can be created in one of three ways by internal or external customers. Once a Case is created, it then must be assigned, triaged, and responded to by a Support Engineer. Service Level Agreements (SLAs) are published under the Case Activity Milestones.", "TOPIC": "A", "DEVICE": "B", "TRIGGER": "{Research}{action: that caused the usecase}", "VERSION": "C", "POSTCONDITION": "{uinput}{Expected keyword to lead to DOC}", "ISSUE": "''", "ID": "7", "SUBJECT": "New_Case_Procedure, Email"}, {"CASE": "{write from report}", "ALTERNATIEFLOW": "{h}{nicks steps}[1,2,3,4,5]", "PRECONDITION": "{userinput}{stoy: with goal}", "IMG": "http://via.placeholder.com/300", "DOCS": "<a href='https://docs.extrahop.com/current/'>https://docs.extrahop.com/current/</a>", "JIRA": "{write from report}", "SOLUTION": "{solution} https://extrahop.my.salesforce.com/console", "ACTOR": "Support Engineer", "NORMALFLOW": "A case can be created in one of three ways by internal or external customers. Once a Case is created, it then must be assigned, triaged, and responded to by a Support Engineer. Service Level Agreements (SLAs) are published under the Case Activity Milestones.", "TOPIC": "https://extrahop.my.salesforce.com/console", "DEVICE": "B", "TRIGGER": "{Research}{action: that caused the usecase}", "VERSION": "C", "POSTCONDITION": "{uinput}{Expected keyword to lead to DOC}", "ISSUE": "''", "ID": "8", "SUBJECT": "test"}, {"CASE": "{write from report}", "ALTERNATIEFLOW": "{h}{nicks steps}[1,2,3,4,5]", "PRECONDITION": "{userinput}{stoy: with goal}", "IMG": "http://via.placeholder.com/300", "DOCS": "<a href='https://docs.extrahop.com/current/'>https://docs.extrahop.com/current/</a>", "JIRA": "{write from report}", "SOLUTION": "{solution} Email: operations@extrahop.com", "ACTOR": "Support Engineer", "NORMALFLOW": "A case can be created in one of three ways by internal or external customers. Once a Case is created, it then must be assigned, triaged, and responded to by a Support Engineer. Service Level Agreements (SLAs) are published under the Case Activity Milestones.", "TOPIC": "A", "DEVICE": "B", "TRIGGER": "{Research}{action: that caused the usecase}", "VERSION": "C", "POSTCONDITION": "{uinput}{Expected keyword to lead to DOC}", "ISSUE": "''", "ID": "9", "SUBJECT": "Connectivity"}, {"CASE": "{write from report}", "ALTERNATIEFLOW": "{h}{nicks steps}[1,2,3,4,5]", "PRECONDITION": "{userinput}{stoy: with goal}", "IMG": "http://via.placeholder.com/300", "DOCS": "<a href='https://docs.extrahop.com/current/'>https://docs.extrahop.com/current/</a>", "JIRA": "{write from report}", "SOLUTION": "{solution} Email: operations@extrahop.com", "ACTOR": "Support Engineer", "NORMALFLOW": "A case can be created in one of three ways by internal or external customers. Once a Case is created, it then must be assigned, triaged, and responded to by a Support Engineer. Service Level Agreements (SLAs) are published under the Case Activity Milestones.", "TOPIC": "A", "DEVICE": "B", "TRIGGER": "{Research}{action: that caused the usecase}", "VERSION": "C", "POSTCONDITION": "{uinput}{Expected keyword to lead to DOC}", "ISSUE": "''", "ID": "10", "SUBJECT": "Connectivity, Atlas"}, {"CASE": "{write from report}", "ALTERNATIEFLOW": "{h}{nicks steps}[1,2,3,4,5]", "PRECONDITION": "{userinput}{stoy: with goal}", "IMG": "http://via.placeholder.com/300", "DOCS": "<a href='https://docs.extrahop.com/current/'>https://docs.extrahop.com/current/</a>", "JIRA": "{write from report}", "SOLUTION": "{solution} Email: operations@extrahop.com", "ACTOR": "Support Engineer", "NORMALFLOW": "A case can be created in one of three ways by internal or external customers. Once a Case is created, it then must be assigned, triaged, and responded to by a Support Engineer. Service Level Agreements (SLAs) are published under the Case Activity Milestones.", "TOPIC": "A", "DEVICE": "B", "TRIGGER": "{Research}{action: that caused the usecase}", "VERSION": "C", "POSTCONDITION": "{uinput}{Expected keyword to lead to DOC}", "ISSUE": "''", "ID": "11", "SUBJECT": "Connectivity, license_server"}, {"CASE": "{write from report}", "ALTERNATIEFLOW": "{h}{nicks steps}[1,2,3,4,5]", "PRECONDITION": "{userinput}{stoy: with goal}", "IMG": "http://via.placeholder.com/300", "DOCS": "<a href='https://docs.extrahop.com/current/'>https://docs.extrahop.com/current/</a>", "JIRA": "{write from report}", "SOLUTION": "{solution} Email: operations@extrahop.com", "ACTOR": "Support Engineer", "NORMALFLOW": "A case can be created in one of three ways by internal or external customers. Once a Case is created, it then must be assigned, triaged, and responded to by a Support Engineer. Service Level Agreements (SLAs) are published under the Case Activity Milestones.", "TOPIC": "A", "DEVICE": "B", "TRIGGER": "{Research}{action: that caused the usecase}", "VERSION": "C", "POSTCONDITION": "{uinput}{Expected keyword to lead to DOC}", "ISSUE": "''", "ID": "12", "SUBJECT": "Connectivity, license_server"}, {"CASE": "{write from report}", "ALTERNATIEFLOW": "{h}{nicks steps}[1,2,3,4,5]", "PRECONDITION": "{userinput}{stoy: with goal}", "IMG": "http://via.placeholder.com/300", "DOCS": "<a href='https://docs.extrahop.com/current/'>https://docs.extrahop.com/current/</a>", "JIRA": "{write from report}", "SOLUTION": "{solution} Email: operations@extrahop.com", "ACTOR": "Support Engineer", "NORMALFLOW": "A case can be created in one of three ways by internal or external customers. Once a Case is created, it then must be assigned, triaged, and responded to by a Support Engineer. Service Level Agreements (SLAs) are published under the Case Activity Milestones.", "TOPIC": "A", "DEVICE": "B", "TRIGGER": "{Research}{action: that caused the usecase}", "VERSION": "C", "POSTCONDITION": "{uinput}{Expected keyword to lead to DOC}", "ISSUE": "''", "ID": "13", "SUBJECT": "Connectivity, license_server"}, {"CASE": "{write from report}", "ALTERNATIEFLOW": "{h}{nicks steps}[1,2,3,4,5]", "PRECONDITION": "{userinput}{stoy: with goal}", "IMG": "http://via.placeholder.com/300", "DOCS": "<a href='https://docs.extrahop.com/current/'>https://docs.extrahop.com/current/</a>", "JIRA": "{write from report}", "SOLUTION": "{solution} Email: operations@extrahop.com", "ACTOR": "Support Engineer", "NORMALFLOW": "A case can be created in one of three ways by internal or external customers. Once a Case is created, it then must be assigned, triaged, and responded to by a Support Engineer. Service Level Agreements (SLAs) are published under the Case Activity Milestones.", "TOPIC": "A", "DEVICE": "B", "TRIGGER": "{Research}{action: that caused the usecase}", "VERSION": "C", "POSTCONDITION": "{uinput}{Expected keyword to lead to DOC}", "ISSUE": "''", "ID": "14", "SUBJECT": "Connectivity, license_server"}, {"CASE": "{write from report}", "ALTERNATIEFLOW": "{h}{nicks steps}[1,2,3,4,5]", "PRECONDITION": "{userinput}{stoy: with goal}", "IMG": "http://via.placeholder.com/300", "DOCS": "<a href='https://docs.extrahop.com/current/'>https://docs.extrahop.com/current/</a>", "JIRA": "{write from report}", "SOLUTION": "{solution} Email: operations@extrahop.com", "ACTOR": "Support Engineer", "NORMALFLOW": "A case can be created in one of three ways by internal or external customers. Once a Case is created, it then must be assigned, triaged, and responded to by a Support Engineer. Service Level Agreements (SLAs) are published under the Case Activity Milestones.", "TOPIC": "A", "DEVICE": "B", "TRIGGER": "{Research}{action: that caused the usecase}", "VERSION": "C", "POSTCONDITION": "{uinput}{Expected keyword to lead to DOC}", "ISSUE": "''", "ID": "15", "SUBJECT": "Connectivity, license_server"}, {"CASE": "{write from report}", "ALTERNATIEFLOW": "{h}{nicks steps}[1,2,3,4,5]", "PRECONDITION": "{userinput}{stoy: with goal}", "IMG": "http://via.placeholder.com/300", "DOCS": "<a href='https://docs.extrahop.com/current/'>https://docs.extrahop.com/current/</a>", "JIRA": "{write from report}", "SOLUTION": "{solution} Email: operations@extrahop.com", "ACTOR": "Support Engineer", "NORMALFLOW": "A case can be created in one of three ways by internal or external customers. Once a Case is created, it then must be assigned, triaged, and responded to by a Support Engineer. Service Level Agreements (SLAs) are published under the Case Activity Milestones.", "TOPIC": "A", "DEVICE": "B", "TRIGGER": "{Research}{action: that caused the usecase}", "VERSION": "C", "POSTCONDITION": "{uinput}{Expected keyword to lead to DOC}", "ISSUE": "''", "ID": "16", "SUBJECT": "Connectivity, license_server"}, {"CASE": "{write from report}", "ALTERNATIEFLOW": "{h}{nicks steps}[1,2,3,4,5]", "PRECONDITION": "{userinput}{stoy: with goal}", "IMG": "http://via.placeholder.com/300", "DOCS": "<a href='https://docs.extrahop.com/current/'>https://docs.extrahop.com/current/</a>", "JIRA": "{write from report}", "SOLUTION": "{solution} Email: operations@extrahop.com", "ACTOR": "Support Engineer", "NORMALFLOW": "A case can be created in one of three ways by internal or external customers. Once a Case is created, it then must be assigned, triaged, and responded to by a Support Engineer. Service Level Agreements (SLAs) are published under the Case Activity Milestones.", "TOPIC": "A", "DEVICE": "B", "TRIGGER": "{Research}{action: that caused the usecase}", "VERSION": "C", "POSTCONDITION": "{uinput}{Expected keyword to lead to DOC}", "ISSUE": "''", "ID": "17", "SUBJECT": "Connectivity, license_server"}, {"CASE": "{write from report}", "ALTERNATIEFLOW": "{h}{nicks steps}[1,2,3,4,5]", "PRECONDITION": "{userinput}{stoy: with goal}", "IMG": "http://via.placeholder.com/300", "DOCS": "<a href='https://docs.extrahop.com/current/'>https://docs.extrahop.com/current/</a>", "JIRA": "{write from report}", "SOLUTION": "{solution} Email: operations@extrahop.com", "ACTOR": "Support Engineer", "NORMALFLOW": "A case can be created in one of three ways by internal or external customers. Once a Case is created, it then must be assigned, triaged, and responded to by a Support Engineer. Service Level Agreements (SLAs) are published under the Case Activity Milestones.", "TOPIC": "A", "DEVICE": "B", "TRIGGER": "{Research}{action: that caused the usecase}", "VERSION": "C", "POSTCONDITION": "{uinput}{Expected keyword to lead to DOC}", "ISSUE": "''", "ID": "18", "SUBJECT": "Connectivity, license_server"}, {"CASE": "{write from report}", "ALTERNATIEFLOW": "{h}{nicks steps}[1,2,3,4,5]", "PRECONDITION": "{userinput}{stoy: with goal}", "IMG": "http://via.placeholder.com/300", "DOCS": "<a href='https://docs.extrahop.com/current/'>https://docs.extrahop.com/current/</a>", "JIRA": "{write from report}", "SOLUTION": "{solution} Email: operations@extrahop.com", "ACTOR": "Support Engineer", "NORMALFLOW": "A case can be created in one of three ways by internal or external customers. Once a Case is created, it then must be assigned, triaged, and responded to by a Support Engineer. Service Level Agreements (SLAs) are published under the Case Activity Milestones.", "TOPIC": "A", "DEVICE": "B", "TRIGGER": "{Research}{action: that caused the usecase}", "VERSION": "C", "POSTCONDITION": "{uinput}{Expected keyword to lead to DOC}", "ISSUE": "''", "ID": "19", "SUBJECT": "Connectivity, license_server"}, {"CASE": "{write from report}", "ALTERNATIEFLOW": "{h}{nicks steps}[1,2,3,4,5]", "PRECONDITION": "{userinput}{stoy: with goal}", "IMG": "http://via.placeholder.com/300", "DOCS": "<a href='https://docs.extrahop.com/current/'>https://docs.extrahop.com/current/</a>", "JIRA": "{write from report}", "SOLUTION": "{solution} Email: operations@extrahop.com", "ACTOR": "Support Engineer", "NORMALFLOW": "A case can be created in one of three ways by internal or external customers. Once a Case is created, it then must be assigned, triaged, and responded to by a Support Engineer. Service Level Agreements (SLAs) are published under the Case Activity Milestones.", "TOPIC": "A", "DEVICE": "B", "TRIGGER": "{Research}{action: that caused the usecase}", "VERSION": "C", "POSTCONDITION": "{uinput}{Expected keyword to lead to DOC}", "ISSUE": "''", "ID": "20", "SUBJECT": "Connectivity, license_server"}, {"CASE": "{write from report}", "ALTERNATIEFLOW": "{h}{nicks steps}[1,2,3,4,5]", "PRECONDITION": "{userinput}{stoy: with goal}", "IMG": "http://via.placeholder.com/300", "DOCS": "<a href='https://docs.extrahop.com/current/'>https://docs.extrahop.com/current/</a>", "JIRA": "{write from report}", "SOLUTION": "{solution} Email: operations@extrahop.com", "ACTOR": "Support Engineer", "NORMALFLOW": "A case can be created in one of three ways by internal or external customers. Once a Case is created, it then must be assigned, triaged, and responded to by a Support Engineer. Service Level Agreements (SLAs) are published under the Case Activity Milestones.", "TOPIC": "A", "DEVICE": "B", "TRIGGER": "{Research}{action: that caused the usecase}", "VERSION": "C", "POSTCONDITION": "{uinput}{Expected keyword to lead to DOC}", "ISSUE": "''", "ID": "21", "SUBJECT": "Connectivity, license_server"}, {"CASE": "{write from report}", "ALTERNATIEFLOW": "{h}{nicks steps}[1,2,3,4,5]", "PRECONDITION": "{userinput}{stoy: with goal}", "IMG": "http://via.placeholder.com/300", "DOCS": "<a href='https://docs.extrahop.com/current/'>https://docs.extrahop.com/current/</a>", "JIRA": "{write from report}", "SOLUTION": "{solution} Email: operations@extrahop.com", "ACTOR": "Support Engineer", "NORMALFLOW": "A case can be created in one of three ways by internal or external customers. Once a Case is created, it then must be assigned, triaged, and responded to by a Support Engineer. Service Level Agreements (SLAs) are published under the Case Activity Milestones.", "TOPIC": "A", "DEVICE": "B", "TRIGGER": "{Research}{action: that caused the usecase}", "VERSION": "C", "POSTCONDITION": "{uinput}{Expected keyword to lead to DOC}", "ISSUE": "''", "ID": "22", "SUBJECT": "Connectivity, license_server"}, {"CASE": "{write from report}", "ALTERNATIEFLOW": "{h}{nicks steps}[1,2,3,4,5]", "PRECONDITION": "{userinput}{stoy: with goal}", "IMG": "http://via.placeholder.com/300", "DOCS": "<a href='https://docs.extrahop.com/current/'>https://docs.extrahop.com/current/</a>", "JIRA": "{write from report}", "SOLUTION": "{solution} Email: operations@extrahop.com", "ACTOR": "Support Engineer", "NORMALFLOW": "A case can be created in one of three ways by internal or external customers. Once a Case is created, it then must be assigned, triaged, and responded to by a Support Engineer. Service Level Agreements (SLAs) are published under the Case Activity Milestones.", "TOPIC": "A", "DEVICE": "B", "TRIGGER": "{Research}{action: that caused the usecase}", "VERSION": "C", "POSTCONDITION": "{uinput}{Expected keyword to lead to DOC}", "ISSUE": "''", "ID": "23", "SUBJECT": "Connectivity, license_server"}, {"CASE": "{write from report}", "ALTERNATIEFLOW": "{h}{nicks steps}[1,2,3,4,5]", "PRECONDITION": "{userinput}{stoy: with goal}", "IMG": "http://via.placeholder.com/300", "DOCS": "<a href='https://docs.extrahop.com/current/'>https://docs.extrahop.com/current/</a>", "JIRA": "{write from report}", "SOLUTION": "{solution} Email: operations@extrahop.com", "ACTOR": "Support Engineer", "NORMALFLOW": "A case can be created in one of three ways by internal or external customers. Once a Case is created, it then must be assigned, triaged, and responded to by a Support Engineer. Service Level Agreements (SLAs) are published under the Case Activity Milestones.", "TOPIC": "A", "DEVICE": "B", "TRIGGER": "{Research}{action: that caused the usecase}", "VERSION": "C", "POSTCONDITION": "{uinput}{Expected keyword to lead to DOC}", "ISSUE": "''", "ID": "24", "SUBJECT": "Connectivity, license_server"}, {"CASE": "{write from report}", "ALTERNATIEFLOW": "{h}{nicks steps}[1,2,3,4,5]", "PRECONDITION": "{userinput}{stoy: with goal}", "IMG": "http://via.placeholder.com/300", "DOCS": "<a href='https://docs.extrahop.com/current/'>https://docs.extrahop.com/current/</a>", "JIRA": "{write from report}", "SOLUTION": "{solution} Email: operations@extrahop.com", "ACTOR": "Support Engineer", "NORMALFLOW": "A case can be created in one of three ways by internal or external customers. Once a Case is created, it then must be assigned, triaged, and responded to by a Support Engineer. Service Level Agreements (SLAs) are published under the Case Activity Milestones.", "TOPIC": "A", "DEVICE": "B", "TRIGGER": "{Research}{action: that caused the usecase}", "VERSION": "C", "POSTCONDITION": "{uinput}{Expected keyword to lead to DOC}", "ISSUE": "''", "ID": "25", "SUBJECT": "Connectivity, license_server"}, {"CASE": "{write from report}", "ALTERNATIEFLOW": "{h}{nicks steps}[1,2,3,4,5]", "PRECONDITION": "{userinput}{stoy: with goal}", "IMG": "http://via.placeholder.com/300", "DOCS": "<a href='https://docs.extrahop.com/current/'>https://docs.extrahop.com/current/</a>", "JIRA": "{write from report}", "SOLUTION": "{solution} Email: operations@extrahop.com", "ACTOR": "Support Engineer", "NORMALFLOW": "A case can be created in one of three ways by internal or external customers. Once a Case is created, it then must be assigned, triaged, and responded to by a Support Engineer. Service Level Agreements (SLAs) are published under the Case Activity Milestones.", "TOPIC": "A", "DEVICE": "B", "TRIGGER": "{Research}{action: that caused the usecase}", "VERSION": "C", "POSTCONDITION": "{uinput}{Expected keyword to lead to DOC}", "ISSUE": "''", "ID": "26", "SUBJECT": "Connectivity, license_server"}, {"CASE": "{write from report}", "ALTERNATIEFLOW": "{h}{nicks steps}[1,2,3,4,5]", "PRECONDITION": "{userinput}{stoy: with goal}", "IMG": "http://via.placeholder.com/300", "DOCS": "<a href='https://docs.extrahop.com/current/'>https://docs.extrahop.com/current/</a>", "JIRA": "{write from report}", "SOLUTION": "{solution} Email: operations@extrahop.com", "ACTOR": "Support Engineer", "NORMALFLOW": "A case can be created in one of three ways by internal or external customers. Once a Case is created, it then must be assigned, triaged, and responded to by a Support Engineer. Service Level Agreements (SLAs) are published under the Case Activity Milestones.", "TOPIC": "A", "DEVICE": "B", "TRIGGER": "{Research}{action: that caused the usecase}", "VERSION": "C", "POSTCONDITION": "{uinput}{Expected keyword to lead to DOC}", "ISSUE": "''", "ID": "27", "SUBJECT": "Connectivity, license_server"}, {"CASE": "{write from report}", "ALTERNATIEFLOW": "{h}{nicks steps}[1,2,3,4,5]", "PRECONDITION": "{userinput}{stoy: with goal}", "IMG": "http://via.placeholder.com/300", "DOCS": "<a href='https://docs.extrahop.com/current/'>https://docs.extrahop.com/current/</a>", "JIRA": "{write from report}", "SOLUTION": "{solution} Email: operations@extrahop.com", "ACTOR": "Support Engineer", "NORMALFLOW": "A case can be created in one of three ways by internal or external customers. Once a Case is created, it then must be assigned, triaged, and responded to by a Support Engineer. Service Level Agreements (SLAs) are published under the Case Activity Milestones.", "TOPIC": "A", "DEVICE": "B", "TRIGGER": "{Research}{action: that caused the usecase}", "VERSION": "C", "POSTCONDITION": "{uinput}{Expected keyword to lead to DOC}", "ISSUE": "''", "ID": "28", "SUBJECT": "Connectivity, license_server"}, {"CASE": "{write from report}", "ALTERNATIEFLOW": "{h}{nicks steps}[1,2,3,4,5]", "PRECONDITION": "{userinput}{stoy: with goal}", "IMG": "http://via.placeholder.com/300", "DOCS": "<a href='https://docs.extrahop.com/current/'>https://docs.extrahop.com/current/</a>", "JIRA": "{write from report}", "SOLUTION": "{solution} Email: operations@extrahop.com", "ACTOR": "Support Engineer", "NORMALFLOW": "A case can be created in one of three ways by internal or external customers. Once a Case is created, it then must be assigned, triaged, and responded to by a Support Engineer. Service Level Agreements (SLAs) are published under the Case Activity Milestones.", "TOPIC": "A", "DEVICE": "B", "TRIGGER": "{Research}{action: that caused the usecase}", "VERSION": "C", "POSTCONDITION": "{uinput}{Expected keyword to lead to DOC}", "ISSUE": "''", "ID": "29", "SUBJECT": "Connectivity, license_server"}]
